"Qty";"Value";"Device";"Package";"Parts";"Description";"POPULARITY";"SPICEPREFIX";
"6";"0";"R-EU_R0603";"R0603";"R1, R2, R3, R4, R5, R20";"RESISTOR, European symbol";"70";"R";
"1";"10";"R-EU_R0603";"R0603";"R13";"RESISTOR, European symbol";"70";"R";
"2";"100n";"C-EUC0603";"C0603";"C2, C3";"CAPACITOR, European symbol";"73";"C";
"7";"10k";"R-EU_R0603";"R0603";"R8, R9, R10, R11, R12, R14, R15";"RESISTOR, European symbol";"70";"R";
"2";"10u";"C-EUC0603";"C0603";"C7, C8";"CAPACITOR, European symbol";"73";"C";
"2";"10u";"CPOL-EUSMCB";"SMC_B";"C4, C5";"POLARIZED CAPACITOR, European symbol";"25";"C";
"2";"1u";"C-EUC0603";"C0603";"C26, C31";"CAPACITOR, European symbol";"73";"C";
"2";"1u";"CPOL-EUSMCA";"SMC_A";"C1, C6";"POLARIZED CAPACITOR, European symbol";"4";"C";
"2";"20k";"R-EU_R0603";"R0603";"R17, R19";"RESISTOR, European symbol";"70";"R";
"2";"220";"R-EU_R0603";"R0603";"R16, R18";"RESISTOR, European symbol";"70";"R";
"2";"4.7k";"R-EU_R0603";"R0603";"R6, R7";"RESISTOR, European symbol";"70";"R";
"1";"47u";"CPOL-EUSMCC";"SMC_C";"C11";"POLARIZED CAPACITOR, European symbol";"4";"C";
"1";"AK4558QFN28";"AK4558QFN28";"QFN28_5X5";"U1";"";"";"";
"2";"PH_ST_5";"PH_ST_5";"HDRV5W64P254_1X5_1016X508X838B";"I2C, I2S";"";"";"";
"1";"PH_ST_7";"PH_ST_7";"HDRV7W64P254_1X7_1016X508X838B";"AUDIO";"";"";"";
